,Area,Perimeter,Convex Area,Solidity,Equivalent Diameter,Major Axis,Minor Axis,Eccentricity,Class
0,6314.5,521.9726493358612,9855.5,0.6407082339810258,89.66532833392283,86.29753875732422,146.95289611816406,(8.439724311699382e-17+1.3783115780934465j),1
1,52776.5,1189.8204090595245,59947.0,0.8803860076400821,259.2240861353654,209.59024047851562,405.8614196777344,(1.015395044877726e-16+1.6582659515946696j),1
2,50232.5,1415.3494101762772,69628.5,0.7214359062740113,252.89920013892703,223.6327362060547,373.07763671875,(8.176507178841775e-17+1.3353249581078526j),1
3,4486.0,275.6223648786545,4741.5,0.9461140989138458,75.57613775314229,64.8183822631836,93.0833969116211,(6.311037889163952e-17+1.0306707033502136j),1
4,145.0,92.0832599401474,323.5,0.4482225656877898,13.58748446131949,16.900970458984375,28.915042877197266,(8.50007943665633e-17+1.3881683180120858j),1
5,4767.5,496.3157956600189,6550.0,0.7278625954198473,77.91129269576322,69.41056823730469,107.68180847167969,(7.262588835619335e-17+1.1860707659834382j),1
6,32059.0,1447.5676636695862,57016.0,0.5622807632945138,202.03659709236982,203.8814697265625,340.5203552246094,(8.191247381174276e-17+1.3377322158319185j),1
7,54709.0,1369.2346241474152,63054.5,0.8676462425362187,263.9273806426988,261.2904052734375,279.0409851074219,(2.2950585258151318e-17+0.3748115011467863j),1
8,4123.5,279.8650050163269,4550.5,0.9061641577848588,72.45828636336526,63.913658142089844,88.79299926757812,(5.905213495165269e-17+0.9643945502126342j),1
9,12913.0,1399.307778954506,25064.5,0.5151908077160925,128.22379748379456,128.97732543945312,195.83187866210938,(6.995957270652532e-17+1.142526526917539j),1
10,9538.0,2055.890602707863,74793.5,0.1275244506541344,110.2005389173936,269.5943908691406,331.2054138183594,(4.369825605604119e-17+0.7136466789684278j),1
11,6028.5,542.3990564346313,8285.5,0.7275964033552592,87.61121272665919,74.48892211914062,129.7051239013672,(8.728587461287102e-17+1.4254865104557959j),1
12,395.0,76.08326041698456,408.5,0.966952264381885,22.42609239636699,22.053640365600586,23.88254165649414,(2.544914224480713e-17+0.4156160333334609j),1
13,3008.0,313.07820785045624,4086.5,0.7360822219503242,61.88622262316039,49.959129333496094,113.80352020263672,(1.2532415844192435e-16+2.0466988282528464j),1
14,1160.5,203.58073377609253,1674.0,0.6932497013142175,38.43949130341291,27.0394344329834,69.99866485595703,(1.4621187268097827e-16+2.3878210890319833j),1
15,2111.0,388.61731350421906,4407.5,0.4789563244469654,51.844080461861104,65.21904754638672,104.9911117553711,(7.724817162491552e-17+1.2615583804032102j),1
16,6403.5,1622.3199716806412,91829.5,0.06973249337086666,90.29501328817453,337.6961975097656,465.7452392578125,(5.815940638199986e-17+0.949815186264198j),1
17,791.0,118.56854116916656,842.0,0.9394299287410927,31.735350634355903,32.020904541015625,37.813594818115234,(3.8461164231922116e-17+0.6281184788740766j),1
18,60164.5,938.3645669221878,60763.5,0.9901421083380648,276.77395215088194,242.0734100341797,319.2044372558594,(5.263047340893037e-17+0.8595208585132261j),1
19,59864.5,932.5655763149261,60230.0,0.9939315955503901,276.08304679171835,243.40708923339844,317.0455017089844,(5.110569307442492e-17+0.8346193059093723j),1
20,9546.5,2056.476388692856,74811.0,0.12760823943003036,110.24963180806651,269.766845703125,331.07232666015625,(4.356332836684627e-17+0.711443142580812j),1
21,12535.5,1353.8346898555756,28015.5,0.4474487337366815,126.33564149925243,160.57205200195312,194.8794708251953,(4.2110956930432574e-17+0.6877241170229957j),1
22,1187.0,581.4558436870575,1959.0,0.6059213884635017,38.875896640471694,9.854265213012695,277.5155944824219,(1.7233362871328803e-15+28.144217391214088j),1
23,3294.5,1147.0752437114716,46929.5,0.0702010462502264,64.76640857828998,288.832275390625,329.5915222167969,(3.3658232515942594e-17+0.5496806514233616j),1
24,9700.0,446.47517585754395,10448.5,0.9283629229075944,111.13245963232829,95.43159484863281,137.88380432128906,(6.385729611545914e-17+1.0428687873094362j),1
25,6653.0,1525.307779431343,84025.5,0.07917834466917781,92.03728967719029,383.9801330566406,402.4076232910156,(1.9196566943250928e-17+0.3135037295098689j),1
26,4415.0,1019.3178831338882,29665.5,0.1488260774300113,74.97567999028581,286.70758056640625,417.10491943359375,(6.470003749082371e-17+1.056631798423356j),1
27,827.5,120.12488996982574,879.5,0.9408754974417283,32.459293326693775,24.040611267089844,45.99359130859375,(9.987049106804114e-17+1.63100889395334j),1
28,232.0,129.88224935531616,371.0,0.6253369272237197,17.186959427966244,10.484235763549805,51.548316955566406,(2.9477113870941833e-16+4.813978020677464j),1
29,2859.0,340.3919162750244,5017.5,0.5698056801195814,60.334002506031624,73.6178207397461,96.13848114013672,(5.142821046562889e-17+0.8398864146206925j),1
30,930.0,486.96045756340027,6480.0,0.14351851851851852,34.41093978088511,308.28839111328125,418.62432861328125,(5.625010192002307e-17+0.9186338780975312j),1
31,10355.0,473.58787417411804,11766.0,0.8800781913989462,114.82332291713479,102.63204193115234,140.72467041015625,(5.744338472022769e-17+0.9381216651237241j),1
32,606.5,154.12489008903503,935.0,0.6486631016042781,27.788842794939775,25.345823287963867,48.70490264892578,(1.0047707289849498e-16+1.6409151270137812j),1
33,710.5,160.6101713180542,1046.5,0.6789297658862876,30.077178998940926,18.762712478637695,67.59085845947266,(2.1191441542112772e-16+3.4608250406349126j),1
34,32059.0,1447.5676636695862,57016.0,0.5622807632945138,202.03659709236982,203.8814697265625,340.5203552246094,(8.191247381174276e-17+1.3377322158319185j),1
35,2130.5,302.1492748260498,2916.5,0.7304988856506086,52.08298042603039,46.84341049194336,71.76899719238281,(7.107552965886852e-17+1.1607514870141182j),1
36,733.5,145.15432798862457,920.0,0.7972826086956522,30.560124444498616,19.838106155395508,56.872528076171875,(1.6451716533430848e-16+2.6867692047838077j),1
37,366.0,77.25483298301697,387.5,0.944516129032258,21.587164551489145,21.50051498413086,23.174606323242188,(2.462943440474337e-17+0.4022291883976889j),1
38,1565.5,512.6589423418045,7341.5,0.21323980113055915,44.645901349204465,175.72824096679688,247.44033813476562,(6.070049218583246e-17+0.991314266743595j),1
39,87655.5,1512.25692152977,89237.5,0.9822720268945231,334.0755137892226,307.8553771972656,367.3231201171875,(3.9855121863294117e-17+0.6508835346002261j),1
40,1325.5,160.1248903274536,1518.5,0.8729008890352321,41.08137067511816,36.290924072265625,53.99237060546875,(6.745139061728791e-17+1.1015648048768052j),1
41,60164.5,938.3645669221878,60763.5,0.9901421083380648,276.77395215088194,242.0734100341797,319.2044372558594,(5.263047340893037e-17+0.8595208585132261j),1
42,59864.5,932.5655763149261,60230.0,0.9939315955503901,276.08304679171835,243.40708923339844,317.0455017089844,(5.110569307442492e-17+0.8346193059093723j),1
43,436.5,205.5218584537506,701.5,0.6222380612972203,23.574754744787878,9.763751983642578,91.70441436767578,(5.718455663835134e-16+9.33894681767273j),1
44,646.0,218.9949473142624,1071.5,0.6028931404573028,28.679483013103898,33.674320220947266,35.51030731201172,(2.0493759431150635e-17+0.334688490516926j),1
45,14377.5,2349.7900931835175,121698.5,0.11814032218967366,135.2996731497523,454.36187744140625,595.7574462890625,(5.1929745655670126e-17+0.8480771058533062j),1
46,3294.5,1147.0752437114716,46929.5,0.0702010462502264,64.76640857828998,288.832275390625,329.5915222167969,(3.3658232515942594e-17+0.5496806514233616j),1
47,61.0,30.14213538169861,63.5,0.9606299212598425,8.812923024107548,8.36063003540039,10.461594581604004,(4.6056049992059855e-17+0.7521523760830612j),1
48,3971.5,800.565575838089,23856.5,0.1664745457212919,71.1102724781427,265.076904296875,282.64251708984375,(2.2657901733793815e-17+0.37003161645576715j),1
49,293.5,67.35533845424652,306.0,0.9591503267973857,19.331213267143124,17.746288299560547,21.943702697753906,(4.453533747299332e-17+0.727317255946785j),1
50,69765.0,1003.0336141586304,70150.5,0.9945046720978468,298.03952227590327,268.0599365234375,333.5833435058594,(4.535411702641425e-17+0.7406889408112045j),1
51,1437.5,170.06601703166962,1546.5,0.9295182670546395,42.78179338873952,28.80120277404785,70.30530548095703,(1.363536705708969e-16+2.2268244307800686j),1
52,133.0,52.14213526248932,155.0,0.8580645161290322,13.013103375051497,12.715328216552734,17.36532974243164,(5.695390342793545e-17+0.930127828980388j),1
53,386972.5,2353.245942234993,387996.5,0.99736080093506,701.9321119061499,620.8428955078125,800.0336303710938,(4.976626929582163e-17+0.8127448555856406j),1
54,16.0,15.656854152679443,16.5,0.9696969696969697,4.51351666838205,4.654326438903809,5.575231552124023,(4.037940289576368e-17+0.6594456936298269j),1
55,1852.5,293.17871356010437,2824.5,0.6558682952734998,48.56620488180942,45.95104217529297,75.61473846435547,(8.002096695570667e-17+1.3068415646277831j),1
56,81.5,39.55634891986847,88.0,0.9261363636363636,10.186708148166206,8.801124572753906,15.591202735900879,(8.953785668718138e-17+1.4622641687304636j),1
57,0.0,0.0,0.0,0.0,0.0,0.0,0.0,0,1
58,81.0,91.53910386562347,128.0,0.6328125,10.155412503859614,4.867625713348389,39.20404815673828,(4.893515564461377e-16+7.99171739618057j),1
59,235.5,87.49747383594513,354.0,0.6652542372881356,17.31611713939158,14.677373886108398,32.07536697387695,(1.1898319146520407e-16+1.94314297882532j),1
60,2886.5,347.5218585729599,4746.0,0.6081963758954909,60.62347685408721,57.02580642700195,104.83628845214844,(9.445904709700904e-17+1.5426333072160088j),1
61,4153.0,409.0193318128586,6255.0,0.6639488409272581,72.71701196614951,72.07038879394531,104.82390594482422,(6.46710445159228e-17+1.056158307210688j),1
62,7748.5,508.51680648326874,10172.5,0.7617104939788646,99.32621311809088,78.64411926269531,151.5266876220703,(1.0084434681918012e-16+1.6469131653206768j),1
63,0.0,0.0,0.0,0.0,0.0,0.0,0.0,0,1
64,1385.5,336.49242103099823,2375.0,0.5833684210526315,42.00087367222934,22.84539794921875,132.9128875732422,(3.509435284751026e-16+5.731342762981835j),1
65,307.0,78.08325970172882,340.0,0.9029411764705882,19.77080019204319,14.138239860534668,30.886417388916016,(1.18930842734667e-16+1.9422880591770835j),1
66,4846.5,306.977702498436,5396.5,0.8980820902436765,78.55415618259143,68.50000762939453,103.07162475585938,(6.884506672008122e-17+1.1243252628923512j),1
67,4905.5,596.5411913394928,11470.5,0.42766226406869795,79.03085844591554,97.77735137939453,145.49520874023438,(6.747293739862059e-17+1.1019166905200402j),1
68,1306.0,208.0243844985962,1944.5,0.6716379532013371,40.77806819142028,43.15071487426758,54.26884460449219,(4.67016054375371e-17+0.7626950965789087j),1
69,0.0,0.0,0.0,0.0,0.0,0.0,0.0,0,1
70,2757.0,271.5634878873825,3692.0,0.7467497291440953,59.24796557549334,67.49452209472656,78.6364517211914,(3.6606960803113684e-17+0.5978370388686906j),1
71,1750.5,241.86500489711761,2414.5,0.7249948229447091,47.21023006784549,46.476661682128906,74.19337463378906,(7.619325264481469e-17+1.2443302460409549j),1
72,1390.5,151.29646348953247,1492.0,0.931970509383378,42.07659191230017,41.18251419067383,45.523616790771484,(2.884648680107672e-17+0.4710988804471749j),1
73,3996.0,880.5239473581314,21585.5,0.18512427323897987,71.32927323870412,550.0340576171875,939.346435546875,(8.477020069529354e-17+1.3844024375732473j),1
74,1759.0,177.19595766067505,1900.5,0.9255459089713234,47.32471192927804,41.33586883544922,58.634037017822266,(6.160110247079054e-17+1.006022348871195j),1
75,356.0,85.94112467765808,410.0,0.8682926829268293,21.290215544369623,19.440610885620117,28.89078712463379,(6.731402830623423e-17+1.0993215080968795j),1
76,746.0,126.22539556026459,846.5,0.8812758417011223,30.81942083122964,24.991605758666992,43.875553131103516,(8.835663521568786e-17+1.4429733581503694j),1
77,5145.0,273.4213534593582,5286.0,0.9733257661748014,80.93712039393552,74.07479095458984,89.76148986816406,(4.1906485710394024e-17+0.6843848485877063j),1
78,662.0,99.25483286380768,678.0,0.976401179941003,29.03247455203703,24.672941207885742,34.223114013671875,(5.885842693153655e-17+0.9612310581714838j),1
79,40.5,57.899494767189026,58.5,0.6923076923076923,7.1809610472257885,3.624462366104126,26.449365615844727,(4.426251527747048e-16+7.228617313708371j),1
80,152.5,56.041630268096924,174.5,0.8739255014326648,13.934454799959427,12.639631271362305,21.11408805847168,(8.19338200097964e-17+1.3380808257016132j),1
81,1978.0,243.6223646402359,2592.5,0.762970106075217,50.18433838844697,48.139747619628906,85.1337661743164,(8.931301000111205e-17+1.4585921436824927j),1
82,0.0,0.0,0.0,0.0,0.0,0.0,0.0,0,1
83,471.5,99.49747323989868,511.0,0.9227005870841487,24.50168250024127,17.970773696899414,38.9444465637207,(1.1772414263457229e-16+1.9225811510149118j),1
84,1614.5,722.4823182821274,13070.0,0.12352716143840857,45.33922413291741,1388.2919921875,4315.0146484375,(1.8019974966817574e-16+2.9428852432168657j),1
85,19181.0,3414.2379229068756,216999.0,0.08839211240604795,156.27542259602166,451.4764099121094,589.8753051757812,(5.1488569161245594e-17+0.8408721469258555j),1
86,6468.5,358.57568085193634,7214.0,0.8966592736345994,90.7521349342229,81.93616485595703,110.75592041015625,(5.56906527759403e-17+0.9094973802195752j),1
87,129353.0,1353.3077828884125,130023.5,0.9948432398758686,405.8292187979169,392.23883056640625,422.1194763183594,(2.4351909741930156e-17+0.39769686670287147j),1
88,265.0,64.28427064418793,276.5,0.9584086799276673,18.36868202552426,15.453720092773438,22.43830108642578,(6.446023417108323e-17+1.0527155130109833j),1
89,97.0,89.79898953437805,137.5,0.7054545454545454,11.11324596323283,5.286689758300781,39.475860595703125,(4.531048660996764e-16+7.399764020371354j),1
90,0.0,0.0,0.0,0.0,0.0,0.0,0.0,0,1
91,3731.0,1038.9158623218536,34272.0,0.10886437908496732,68.92355723123185,334.9611511230469,444.51751708984375,(5.342042538288589e-17+0.8724217532774229j),1
92,4767.5,496.3157956600189,6550.0,0.7278625954198473,77.91129269576322,69.41056823730469,107.68180847167969,(7.262588835619335e-17+1.1860707659834382j),1
93,3294.5,1147.0752437114716,46929.5,0.0702010462502264,64.76640857828998,288.832275390625,329.5915222167969,(3.3658232515942594e-17+0.5496806514233616j),1
94,3162.0,240.45079112052917,3441.5,0.9187854133372076,63.450637825419726,56.33420181274414,74.34336853027344,(5.272979047240951e-17+0.8611428292487604j),1
95,6132.0,364.3330408334732,6990.5,0.8771904727844932,88.3600865114788,80.83403778076172,102.20490264892578,(4.737719873799948e-17+0.7737283724741751j),1
96,6103.0,1208.6315925121307,51259.5,0.11906085701187097,88.15089869943867,280.0000305175781,285.9341125488281,(1.2673089388466744e-17+0.20696725614749073j),1
97,97.0,89.79898953437805,137.5,0.7054545454545454,11.11324596323283,5.286689758300781,39.475860595703125,(4.531048660996764e-16+7.399764020371354j),1
98,585.5,120.32590079307556,783.5,0.7472878111040204,27.30351174194334,27.7161808013916,37.49109649658203,(5.577659701203488e-17+0.9109009561102632j),1
99,1104.0,178.9949482679367,1456.5,0.7579814624098867,37.492085263260826,27.980012893676758,65.53929138183594,(1.297006641235648e-16+2.1181725900703365j),1
100,1262.5,430.3157961368561,4364.0,0.2892988084326306,40.09320298040733,68.48889923095703,74.33757781982422,(2.5840083320120756e-17+0.42200058560740333j),1
101,1164150.0,4453.521314382553,1172680.5,0.9927256401040181,1217.4735381122005,1099.3616943359375,1349.88134765625,(4.3629184763029406e-17+0.7125186591498176j),1
102,58.5,34.38477599620819,64.5,0.9069767441860465,8.63044108762739,6.384086608886719,13.502099990844727,(1.14113556534506e-16+1.863615805209409j),1
103,331.0,135.19595777988434,798.5,0.4145272385723231,20.529059630371258,53.85979080200195,97.70040130615234,(9.267168593641146e-17+1.5134434842916846j),1
104,0.0,0.0,0.0,0.0,0.0,0.0,0.0,0,1
105,39739.0,999.1168751716614,44684.5,0.8893240385368528,224.93836104193218,157.82943725585938,349.23211669921875,(1.2086406483839431e-16+1.9738599720759418j),1
106,800.0,402.67618811130524,3937.0,0.2032004064008128,31.915382432114615,67.97456359863281,117.24144744873047,(8.605007203966607e-17+1.405304322839491j),1
107,2127.5,300.49242067337036,2910.0,0.7310996563573883,52.04629796079697,47.092342376708984,70.56231689453125,(6.832685599917354e-17+1.115862239573816j),1
108,613.0,154.71067655086517,947.0,0.6473072861668426,27.937355653723827,25.551822662353516,48.472476959228516,(9.870965417061101e-17+1.612050988731388j),1
109,28527.0,3924.6887123584747,491608.5,0.05802788194264338,190.58253984208517,831.5266723632812,1039.04931640625,(4.5880178132130586e-17+0.7492801706430646j),1
110,2080.5,255.66399383544922,2674.5,0.7779024116657319,51.46819282645842,48.15426254272461,67.00387573242188,(5.924403893061278e-17+0.9675285800258618j),1
111,0.0,0.0,0.0,0.0,0.0,0.0,0.0,0,1
112,97.0,89.79898953437805,137.5,0.7054545454545454,11.11324596323283,5.286689758300781,39.475860595703125,(4.531048660996764e-16+7.399764020371354j),1
113,22578.0,2891.360723733902,119913.5,0.1882857226250589,169.5499998261,380.34613037109375,468.06878662109375,(4.391995522188565e-17+0.7172673011102374j),1
114,1237.5,630.315795302391,14152.0,0.08744347088750706,39.694255713009206,166.52842712402344,239.00848388671875,(6.30401057092301e-17+1.0295230551881747j),1
115,10929.5,562.9432128667831,13080.0,0.8355886850152905,117.96555261678284,100.11412811279297,153.5506591796875,(7.12089705723058e-17+1.1629307425109714j),1
116,4464.0,448.07315504550934,6076.0,0.7346938775510204,75.39059177177062,65.00299072265625,111.56687927246094,(8.541427062195346e-17+1.3949208977057255j),1
117,2078.0,255.42135310173035,2661.5,0.7807627277850836,51.43726056041154,47.8724479675293,65.94881439208984,(5.801796442294418e-17+0.947505263776275j),1
118,377.0,79.25483310222626,398.5,0.946047678795483,21.909160375631842,16.459426879882812,33.39562225341797,(1.0810073552339746e-16+1.7654189860890732j),1
119,2082.5,401.20309829711914,5489.5,0.37936059750432644,51.49292526076739,107.13951873779297,119.58621978759766,(3.036048512142233e-17+0.4958243493970748j),1
120,0.0,0.0,0.0,0.0,0.0,0.0,0.0,0,1
121,6127.0,365.1614680290222,6983.0,0.8774165831304597,88.32405499405212,81.2606201171875,101.32320404052734,(4.5606349024502174e-17+0.7448082019445131j),1
122,3630.5,379.60512006282806,5142.5,0.7059795819154108,67.98894150640241,63.715850830078125,104.3946762084961,(7.947216165461464e-17+1.2978788938973467j),1
123,518.0,162.7106761932373,1051.5,0.4926295767950547,25.68147355921802,35.11471939086914,47.01204299926758,(5.4507798565993053e-17+0.8901799049969918j),1
124,3996.0,880.5239473581314,21585.5,0.18512427323897987,71.32927323870412,550.0340576171875,939.346435546875,(8.477020069529354e-17+1.3844024375732473j),1
125,2966.5,216.75230765342712,3076.0,0.9644018205461639,61.457831961897746,56.513118743896484,68.878173828125,(4.266416972440166e-17+0.6967587675745549j),1
126,97.0,89.79898953437805,137.5,0.7054545454545454,11.11324596323283,5.286689758300781,39.475860595703125,(4.531048660996764e-16+7.399764020371354j),1
127,708.5,160.61017096042633,1033.0,0.685866408518877,30.03481675397509,17.789655685424805,70.33493041992188,(2.342225431887547e-16+3.8251444147296927j),1
128,1825.0,822.8082171678543,24851.5,0.07343621109389775,48.20437914901168,222.42286682128906,251.37596130371094,(3.224377684972252e-17+0.5265808373838383j),1
129,22578.0,2891.360723733902,119913.5,0.1882857226250589,169.5499998261,380.34613037109375,468.06878662109375,(4.391995522188565e-17+0.7172673011102374j),1
130,5446.5,1731.859074473381,64884.0,0.0839421120769373,83.27484122110388,249.59991455078125,321.02777099609375,(4.9527527944130374e-17+0.8088459134276653j),1
131,1680.0,553.9310204982758,8059.0,0.20846258841047277,46.24978308224886,1797.920654296875,13210.791015625,(4.457378190952034e-16+7.2794510124150635j),1
132,140.5,104.95331704616547,192.0,0.7317708333333334,13.374982468597496,5.437797546386719,48.23414993286133,(5.396782008413789e-16+8.813613871642401j),1
133,135.0,56.62741661071777,164.0,0.823170731707317,13.110581167104948,8.640152931213379,22.501848220825195,(1.4724510247900076e-16+2.4046950121703423j),1
134,6653.0,1525.307779431343,84025.5,0.07917834466917781,92.03728967719029,383.9801330566406,402.4076232910156,(1.9196566943250928e-17+0.3135037295098689j),1
135,3162.0,240.45079112052917,3441.5,0.9187854133372076,63.450637825419726,56.33420181274414,74.34336853027344,(5.272979047240951e-17+0.8611428292487604j),1
136,1197.5,205.72286915779114,1941.0,0.6169500257599175,39.04746284741631,39.08283233642578,63.18897247314453,(7.779230233374262e-17+1.2704447092484894j),1
137,485.0,110.56854152679443,653.0,0.7427258805513017,24.849973424463737,23.460315704345703,36.30091094970703,(7.230183735418417e-17+1.1807786115069834j),1
138,50855.5,859.394003868103,51194.0,0.993387897019182,254.46263707522775,229.06539916992188,283.59808349609375,(4.4695725670511466e-17+0.7299365939898813j),1
139,2441.0,280.2497800588608,3317.5,0.7357950263752826,55.74923971408518,52.1400032043457,80.55896759033203,(7.211866912660373e-17+1.1777872473404667j),1
140,1933.0,171.6812391281128,1972.5,0.9799746514575411,49.6102009668684,43.78351974487305,57.397674560546875,(5.190574487298101e-17+0.8476851433265462j),1
141,8056.0,640.7249594926834,13503.5,0.5965860702780761,101.27792342058792,81.61219787597656,212.2673797607422,(1.4701911533080515e-16+2.4010043619624137j),1
142,122204.5,3547.41663646698,222439.0,0.5493843255903865,394.4560836703982,393.5563659667969,649.1007080078125,(8.031151088145362e-17+1.3115865070217734j),1
143,0.0,0.0,0.0,0.0,0.0,0.0,0.0,0,1
144,11.5,13.071067690849304,12.0,0.9583333333333334,3.826519928662906,3.650944948196411,4.7609429359436035,(5.1248765129433636e-17+0.8369558498844731j),1
145,104.5,42.72792184352875,109.0,0.9587155963302753,11.534883286137944,9.347108840942383,16.33440589904785,(8.775431442757091e-17+1.4331367131922261j),1
146,4695.0,286.9360740184784,5126.5,0.9158295133131766,77.31661957517018,74.99645233154297,90.76226043701172,(4.173846153708605e-17+0.681640805596291j),1
147,10.5,18.727921843528748,12.0,0.875,3.656366395715726,2.1584084033966064,8.87343978881836,(2.4417173815800157e-16+3.987627099144071j),1
148,663.0,117.5979790687561,693.0,0.9567099567099567,29.054394128245264,17.991397857666016,49.99747085571289,(1.587636415233857e-16+2.5928070303033186j),1
149,0.0,0.0,0.0,0.0,0.0,0.0,0.0,0,0
150,0.0,0.0,0.0,0.0,0.0,0.0,0.0,0,0
151,0.0,0.0,0.0,0.0,0.0,0.0,0.0,0,0
152,0.0,0.0,0.0,0.0,0.0,0.0,0.0,0,0
153,490.0,176.16652071475983,1101.0,0.44504995458673935,24.977737626138797,22.784475326538086,58.03668975830078,(1.4344901774151704e-16+2.3427002437174838j),0
154,1026.0,159.3969680070877,1232.5,0.8324543610547668,36.14337799512211,28.603857040405273,54.41191864013672,(9.9086449219936e-17+1.6182045188690135j),0
155,0.0,0.0,0.0,0.0,0.0,0.0,0.0,0,0
156,0.0,0.0,0.0,0.0,0.0,0.0,0.0,0,0
157,89.5,56.3847758769989,123.5,0.7246963562753036,10.674967880691588,8.409368515014648,22.994722366333008,(1.5583645822818905e-16+2.5450024992787874j),0
158,445.5,137.15432846546173,758.5,0.5873434410019776,23.816553427805523,19.56397819519043,49.91642379760742,(1.4373141195105104e-16+2.34731209114534j),0
159,1306.0,205.33809316158295,1937.5,0.6740645161290323,40.77806819142028,41.41376876831055,62.0242919921875,(6.826856831458986e-17+1.1149103294455365j),0
160,245.0,63.11269736289978,252.0,0.9722222222222222,17.66192765414112,13.292980194091797,24.61653709411621,(9.543859977908252e-17+1.5586306165260153j),0
161,568.0,111.25483310222626,710.0,0.8,26.89237924411993,29.79773712158203,30.870450973510742,(1.6577537852861433e-17+0.2707317385617365j),0
162,70.5,34.3847758769989,74.0,0.9527027027027027,9.474354220939228,7.408895015716553,13.368199348449707,(9.196394725782244e-17+1.5018852345321332j),0
163,2191.0,612.3574258089066,6217.0,0.35242078172752134,52.8173062784798,74.3575668334961,81.11824035644531,(2.669820590162251e-17+0.43601479088029044j),0
164,0.0,0.0,0.0,0.0,0.0,0.0,0.0,0,0
165,0.0,0.0,0.0,0.0,0.0,0.0,0.0,0,0
166,170.5,185.37972366809845,770.5,0.22128487994808566,14.733884157863644,77.76366424560547,117.5246810913086,(6.938587089049489e-17+1.1331572652425832j),0
167,0.0,0.0,0.0,0.0,0.0,0.0,0.0,0,0
168,65.5,44.041630148887634,81.5,0.803680981595092,9.13220620552083,5.33635950088501,22.18497085571289,(2.470885066184363e-16+4.035261543009281j),0
169,264.0,130.509667634964,409.5,0.6446886446886447,18.333991376950163,10.36227798461914,56.3371696472168,(3.272254647828516e-16+5.343997387829352j),0
170,307.5,219.0365767478943,1059.0,0.29036827195467424,19.786893642157743,30.16908836364746,67.68522644042969,(1.2297525221286138e-16+2.0083382784078077j),0
171,63.0,31.313708305358887,65.5,0.9618320610687023,8.95623198216277,8.816757202148438,11.629463195800781,(5.266725250339792e-17+0.8601215067081694j),0
172,0.0,0.0,0.0,0.0,0.0,0.0,0.0,0,0
173,0.0,0.0,0.0,0.0,0.0,0.0,0.0,0,0
174,66.5,31.55634880065918,69.5,0.9568345323741008,9.201653640780462,8.353724479675293,10.88935375213623,(5.120128490669421e-17+0.8361804390023726j),0
175,43.0,41.31370830535889,58.5,0.7350427350427351,7.399277020331919,4.864025592803955,17.820659637451172,(2.1582287803025019e-16+3.524655079007506j),0
176,0.0,0.0,0.0,0.0,0.0,0.0,0.0,0,0
177,205.5,103.01219260692596,362.0,0.5676795580110497,16.175621361885174,15.780834197998047,35.771080017089844,(1.2456107982312417e-16+2.0342368086839153j),0
178,377.5,125.29646301269531,711.0,0.5309423347398031,21.923684182580352,30.50766372680664,35.94862747192383,(3.816610771215011e-17+0.6232998402269592j),0
179,0.0,0.0,0.0,0.0,0.0,0.0,0.0,0,0
180,77.5,83.98275578022003,136.0,0.5698529411764706,9.933582672781009,6.325226306915283,34.656829833984375,(3.298657593299923e-16+5.387116670041642j),0
181,77.5,83.98275578022003,136.0,0.5698529411764706,9.933582672781009,6.325226306915283,34.656829833984375,(3.298657593299923e-16+5.387116670041642j),0
182,0.0,0.0,0.0,0.0,0.0,0.0,0.0,0,0
183,8132.0,643.61225938797,9377.0,0.8672283246240802,101.75452804561743,87.1921157836914,123.09221649169922,(6.101757323845986e-17+0.9964925933084163j),0
184,1640.0,602.1564161777496,10084.0,0.1626338754462515,45.69587348290507,378.51141357421875,534.0425415039062,(6.094524300157352e-17+0.9953113508973521j),0
185,23651.5,1450.5209801197052,38721.0,0.6108184189457917,173.53393066574532,169.7410430908203,236.3224334716797,(5.931538910488636e-17+0.9686938167998159j),0
186,1062.0,161.05382239818573,1353.0,0.7849223946784922,36.772005609005646,39.00025177001953,45.36282730102539,(3.637526215511557e-17+0.5940531127904216j),0
187,0.0,0.0,0.0,0.0,0.0,0.0,0.0,0,0
188,0.0,0.0,0.0,0.0,0.0,0.0,0.0,0,0
189,0.0,0.0,0.0,0.0,0.0,0.0,0.0,0,0
190,0.0,0.0,0.0,0.0,0.0,0.0,0.0,0,0
191,47.5,29.071067690849304,51.5,0.9223300970873787,7.776816725043752,8.213496208190918,10.312284469604492,(4.648634140694092e-17+0.759179568171109j),0
192,0.0,0.0,0.0,0.0,0.0,0.0,0.0,0,0
193,205.5,103.01219260692596,362.0,0.5676795580110497,16.175621361885174,15.780834197998047,35.771080017089844,(1.2456107982312417e-16+2.0342368086839153j),0
194,0.0,0.0,0.0,0.0,0.0,0.0,0.0,0,0
195,57177.0,912.6072087287903,57611.0,0.9924667164256826,269.81478360038466,234.6441650390625,312.5892639160156,(5.389541407449494e-17+0.8801789072901514j),0
196,320.0,271.30360317230225,1022.0,0.3131115459882583,20.185060176161283,43.49625778198242,152.35755920410156,(2.0555675026707574e-16+3.35699648927662j),0
197,779.5,434.3746713399887,7002.0,0.11132533561839475,31.503812866398558,129.90174865722656,133.91363525390625,(1.5335228145364496e-17+0.2504432813778059j),0
198,135.0,92.08326005935669,206.0,0.6553398058252428,13.110581167104948,6.568726062774658,40.18352127075195,(3.695440261307198e-16+6.035111942284269j),0
199,899.0,488.90158104896545,6944.5,0.1294549643602851,33.83256346653194,159.1318817138672,231.2569580078125,(6.456772690570797e-17+1.0544710025888695j),0
200,0.0,0.0,0.0,0.0,0.0,0.0,0.0,0,0
201,550.5,136.61017203330994,764.0,0.7205497382198953,26.47486297182116,20.596635818481445,46.982425689697266,(1.2553814120355e-16+2.050193431950413j),0
202,2233.0,603.7543951272964,8434.5,0.2647459837571877,53.3211393669867,307.49835205078125,373.50262451171875,(4.221802910369271e-17+0.6894727383125738j),0
203,474.0,120.08326029777527,533.5,0.8884723523898782,24.566553364370574,13.630890846252441,52.061100006103516,(2.257091690692082e-16+3.6861104642800804j),0
204,3265.5,743.7371491193771,9898.5,0.32989846946507045,64.48072373456019,85.4972915649414,127.4834976196289,(6.772547057930741e-17+1.1060408703384603j),0
205,273.5,118.32590091228485,460.5,0.5939196525515744,18.66094894385243,16.516616821289062,42.127662658691406,(1.4367666766258483e-16+2.3464180490671778j),0
206,0.0,0.0,0.0,0.0,0.0,0.0,0.0,0,0
207,101.0,62.28427064418793,173.0,0.5838150289017341,11.340070282773887,14.77217960357666,24.74208641052246,(8.227327508967874e-17+1.3436245478608297j),0
208,0.0,0.0,0.0,0.0,0.0,0.0,0.0,0,0
209,9952.5,752.2813050746918,15935.5,0.6245489630071225,112.5696076611121,93.68399810791016,183.814208984375,(1.0336671718231512e-16+1.6881065994584405j),0
210,0.0,0.0,0.0,0.0,0.0,0.0,0.0,0,0
211,61.5,31.899494767189026,65.5,0.9389312977099237,8.848967849484623,9.686972618103027,12.77976131439209,(5.269117455605508e-17+0.8605121834759333j),0
212,46.0,28.14213538169861,49.5,0.9292929292929293,7.653039857325812,5.988759994506836,10.955822944641113,(9.380137863042591e-17+1.5318927660731907j),0
213,273.5,118.32590091228485,460.5,0.5939196525515744,18.66094894385243,16.516616821289062,42.127662658691406,(1.4367666766258483e-16+2.3464180490671778j),0
214,260.0,104.08326017856598,443.5,0.5862457722660653,18.19456736586892,23.30461883544922,59.3422966003418,(1.433938665546561e-16+2.341799556484245j),0
215,918.0,392.1909056901932,3968.0,0.2313508064516129,34.18821291127805,131.4833221435547,166.9730682373047,(4.792940907416829e-17+0.7827466516474565j),0
216,0.0,0.0,0.0,0.0,0.0,0.0,0.0,0,0
217,47.0,28.14213538169861,50.0,0.94,7.735777827895049,6.490871429443359,10.999608993530273,(8.377341069706188e-17+1.368123621527255j),0
218,0.0,0.0,0.0,0.0,0.0,0.0,0.0,0,0
219,10.0,23.313708305358887,15.0,0.6666666666666666,3.5682482323055424,2.1076252460479736,9.612054824829102,(2.7246089906915304e-16+4.449624157085144j),0
220,50.0,33.31370830535889,54.5,0.9174311926605505,7.978845608028654,4.885013103485107,14.264084815979004,(1.6798450008811364e-16+2.7433950785658525j),0
221,319.0,213.56349074840546,842.5,0.37863501483679524,20.153496341094687,38.63518524169922,91.5788803100586,(1.3159334629703573e-16+2.149082435664816j),0
222,2062.5,1125.0508581399918,37117.0,0.05556752970337042,51.24506377219442,543.773193359375,940.5866088867188,(8.642230144542793e-17+1.4113832903592856j),0
223,3514.5,1242.6732242107391,54204.5,0.06483779022036916,66.89394875451538,291.385498046875,321.82342529296875,(2.870943811431031e-17+0.46886070554055165j),0
224,7465.0,1921.214414715767,130247.0,0.05731417998111281,97.49222123558367,468.722900390625,545.2958374023438,(3.6402006794653444e-17+0.5944898859001295j),0
225,458.0,383.043719291687,2979.5,0.15371706662191642,24.148368712786887,166.1289825439453,256.1435241699219,(7.186016186728364e-17+1.1735655034139718j),0
226,3195.0,1297.2001373767853,61106.5,0.05228576338032779,63.7808775843422,338.201904296875,375.9112548828125,(2.971069780573129e-17+0.4852125172158541j),0
227,5176.5,1602.5209820270538,91134.0,0.05680097438936072,81.18450901078093,407.9986267089844,462.5599060058594,(3.270870993059492e-17+0.5341737708107839j),0
228,565.5,190.95331752300262,1225.5,0.4614443084455324,26.83313180655092,43.96263885498047,52.026615142822266,(3.8751010527798474e-17+0.6328520281076705j),0
229,1006.0,231.62236368656158,1588.5,0.6333018570978911,35.78936967876878,20.708372116088867,86.95614624023438,(2.4972202160808263e-16+4.078270106645423j),0
230,128.0,64.62741649150848,184.0,0.6956521739130435,12.766152972845846,9.766497611999512,29.103918075561523,(1.718901025147232e-16+2.8071784066132337j),0
231,1759.0,296.3330429792404,3749.0,0.46919178447586024,47.32471192927804,71.11869812011719,95.86243438720703,(5.534308930759311e-17+0.9038212380275705j),0
232,1759.0,296.3330429792404,3749.0,0.46919178447586024,47.32471192927804,71.11869812011719,95.86243438720703,(5.534308930759311e-17+0.9038212380275705j),0
233,0.0,0.0,0.0,0.0,0.0,0.0,0.0,0,0
234,596.0,333.931018948555,1810.0,0.3292817679558011,27.547246117573295,135.6564483642578,229.62205505371094,(8.362515427013095e-17+1.3657024103333963j),0
235,952.5,493.20309805870056,5253.5,0.18130769962881887,34.82471344261489,319.70635986328125,489.5003356933594,(7.099380494342005e-17+1.1594168211250575j),0
236,545.5,208.26702499389648,1317.5,0.4140417457305503,26.354357735544063,28.9024715423584,64.97386932373047,(1.2328363649866522e-16+2.0133745759920343j),0
237,902.0,232.1665199995041,1444.5,0.6244375216337833,33.88896677904354,30.549131393432617,62.92177200317383,(1.1025778731209189e-16+1.80064631514748j),0
238,3177.0,217.68123924732208,3260.0,0.9745398773006135,63.60095937659755,63.50819778442383,66.24114227294922,(1.815595306633918e-17+0.29650921521176654j),0
239,6103.0,1208.6315925121307,51259.5,0.11906085701187097,88.15089869943867,280.0000305175781,285.9341125488281,(1.2673089388466744e-17+0.20696725614749073j),0
240,250.0,66.76955163478851,264.0,0.946969696969697,17.841241161527712,12.933073043823242,26.319555282592773,(1.0852923199683768e-16+1.7724168645588256j),0
